time,a_x,a_y,a_z,af_h,af_p,af_r,b,d,fsr_fsr0,fsr_fsr1,fsr_fsr2,fsr_fsr3,fsr_fsr4,fsr_fsr5,g_x,g_y,g_z,m_x,m_y,m_z
2017-05-27T16:52:37-03:00,0.31897,-0.110291,0.911804,285.21051,-19.151667,-6.896909,214927.015625,255,2523,3111,1000,2895,1,0,-8.56842,-4.329071,-0.717773,-0.032060000000000005,0.2758,0.14532
2017-05-27T16:52:37-03:00,0.282104,-0.003113,0.904968,293.675507,-17.313654,-0.197078,214927.015625,255,2505,3147,1042,2807,1,3402,-1.286011,0.6130979999999999,-6.273041,-0.07462,0.27664,0.13734000000000002
2017-05-27T16:52:37-03:00,0.279846,-0.203735,0.910522,290.999817,-16.695576000000006,-12.612553,214927.015625,255,2570,3084,1017,2940,0,3341,12.979736,-1.136475,-4.9646,-0.06523999999999999,0.29624,0.15148
2017-05-27T16:52:37-03:00,0.349487,-0.121765,0.8856809999999999,288.604492,-21.351524,-7.828059,214926.796875,255,2617,3221,1490,3133,1,1336,-1.24115,9.24881,1.151428,-0.049,0.2772,0.1393
2017-05-27T16:52:37-03:00,0.33068800000000004,-0.114136,0.8961180000000001,295.66217,-20.105961,-7.258501,214926.796875,255,2595,3246,1947,3161,0,1,4.545898,13.585358,-2.527161,-0.08428,0.27426,0.14406
2017-05-27T16:52:37-03:00,0.302612,-0.137878,0.932312,297.442261,-17.801323,-8.412423,214926.796875,255,2205,3266,2361,3179,0,1,8.8974,42.87200900000001,3.282318,-0.09212,0.26964,0.14574
2017-05-27T16:52:38-03:00,0.523682,-0.073425,0.891602,302.411896,-30.34333,-4.707807,214927.421875,255,1180,3149,4089,2698,0,0,14.714355,114.312897,-5.054321,-0.11088,0.25102,0.14938
2017-05-27T16:52:38-03:00,1.074463,-0.397888,0.782776,308.992126,-50.742863,-26.944416,214927.421875,255,363,1720,603,617,1,1,-245.0,80.069122,92.091827,-0.14644,0.24948,0.13846
2017-05-27T16:52:38-03:00,0.78009,-0.224365,1.183655,307.094849,-32.923946,-10.733243,214927.421875,255,318,1607,585,656,1,0,109.034271,60.22567700000001,33.025055,-0.15022,0.2765,0.10822
2017-05-27T16:52:38-03:00,0.420288,0.059326,0.661621,305.236633,-32.321594,5.123889,214927.421875,255,308,1592,692,568,0,0,-14.377899,-5.50293,-11.327362,-0.1582,0.31514000000000003,0.08106000000000001
2017-05-27T16:52:38-03:00,0.203186,-0.045532,0.406128,304.388214,-26.435907,-6.39689,214927.21875,255,567,1095,596,532,0,0,4.09729,-97.071381,-29.862366,-0.15064,0.3115,0.08288
2017-05-27T16:52:38-03:00,0.5981449999999999,-0.047302,0.481812,301.30011,-51.013885,-5.607092,214927.21875,255,828,542,788,535,1,1,13.53302,-139.539642,-32.284851,-0.12838,0.3066,0.09198
2017-05-27T16:52:38-03:00,0.8276370000000001,0.079346,0.6060180000000001,296.106934,-53.555,7.459283,214927.21875,255,872,233,429,643,1,1,17.09198,-91.957245,-22.355652,-0.08918,0.28238,0.10612
2017-05-27T16:52:38-03:00,0.7106319999999999,0.105225,0.587585,294.44989,-49.969658,10.152889,214927.21875,255,801,708,534,778,0,0,-8.889923,0.6130979999999999,9.009552,-0.0798,0.2807,0.11298
2017-05-27T16:52:38-03:00,0.385498,-0.215454,0.763428,295.259277,-25.918556,-15.760095000000002,214928.234375,255,1139,2081,872,1835,1,0,66.244507,-5.824432,-1.846771,-0.08834,0.29484,0.11704
2017-05-27T16:52:39-03:00,0.5120239999999999,-0.07434099999999999,0.885925,296.067627,-29.938919,-4.796634,214928.234375,255,1859,2859,1746,2455,0,0,5.547791,-12.897491,4.42627,-0.08932000000000001,0.2835,0.1211
2017-05-27T16:52:39-03:00,0.314331,-0.043762,0.892761,289.14151,-19.375057,-2.806332,214927.21875,255,2414,3209,2237,2712,1,1,-0.17944300000000002,1.435547,-2.601929,-0.05124,0.27482,0.11214
2017-05-27T16:52:39-03:00,0.302368,-0.065674,0.912048,293.414398,-18.297516,-4.1185870000000016,214927.21875,255,2544,3239,4080,2854,1,2792,-0.052338,7.245025999999998,0.433655,-0.07364,0.27804,0.11886
2017-05-27T16:52:39-03:00,0.297241,-0.031982,0.920471,287.091705,-17.886349,-1.989982,214927.21875,255,2507,3277,4094,2971,1,0,0.403748,24.404297,0.403748,-0.04004,0.26754,0.11242
2017-05-27T16:52:39-03:00,0.44281,-0.129395,0.867676,298.684143,-26.782757,-8.481883,214927.625,255,2057,3300,4094,3026,1,0,12.762909,43.380432,-5.286102,-0.09926,0.27118000000000003,0.1211
2017-05-27T16:52:40-03:00,0.440674,-0.093384,0.904785,300.856842,-25.849001,-5.89269,214927.625,255,1534,3287,4095,2928,1,1,-1.622467,58.461151,3.22998,-0.11046,0.26964,0.11886
2017-05-27T16:52:40-03:00,1.002502,-0.14978,0.797058,310.100098,-51.027672,-10.6427,214927.625,255,686,2641,1562,2187,0,0,83.84491,121.557922,12.800293,-0.1603,0.26138,0.1197
2017-05-27T16:52:40-03:00,0.873474,0.645142,0.47113,305.538849,-47.554787,53.860302,214927.625,255,367,1687,523,713,0,1,14.998474,83.83743299999998,47.986145,-0.14868,0.29232,0.07336000000000001
2017-05-27T16:52:40-03:00,0.640991,0.257324,0.6663819999999999,308.069366,-41.902279,21.114134,214928.65625,255,284,1547,614,737,0,1,-127.158051,62.04254200000001,-6.06369,-0.15525999999999998,0.27454,0.0721
2017-05-27T16:52:40-03:00,0.374756,-0.308533,0.502502,311.479065,-32.437740000000005,-31.54961,214928.65625,255,494,1292,593,660,0,0,47.73941,-85.13091999999997,-4.867401,-0.17415999999999998,0.26922,0.06902
2017-05-27T16:52:40-03:00,0.524841,-0.049377,0.480591,305.582428,-47.370174,-5.866168,214928.65625,255,688,612,438,654,0,0,10.833893,-117.094269,-30.714722,-0.14895999999999998,0.29232,0.08106000000000001
2017-05-27T16:52:40-03:00,0.709717,0.014893,0.613525,300.119019,-49.14938400000001,1.390512,214928.65625,255,843,354,473,888,0,0,31.783905,-124.65332,-13.286285,-0.11046,0.27986,0.10962
2017-05-27T16:52:40-03:00,0.635315,0.019226,0.613831,289.29541,-45.971313,1.7940009999999995,214929.671875,255,922,20,377,868,0,0,2.639313,-68.35296600000001,-25.525818,-0.051660000000000005,0.273,0.12376
2017-05-27T16:52:40-03:00,0.572998,-0.062561,0.592896,291.757477,-43.863777,-6.023436,214929.671875,255,780,670,491,898,0,0,-12.000275,-5.585175,-5.1814269999999985,-0.06146,0.2625,0.11046
2017-05-27T16:52:41-03:00,0.08038300000000001,0.249939,0.792358,291.977844,-5.52611,17.507191,214929.671875,255,1092,2007,759,1683,0,0,-65.197754,-62.633209,27.873535,-0.06426,0.26978,0.12292
2017-05-27T16:52:41-03:00,0.224548,-0.139771,0.843994,294.744934,-14.707202,-9.403184,214929.671875,255,1644,2666,694,2139,1,1,-24.366913,-2.1682740000000003,9.241333,-0.07406,0.2555,0.1253
2017-05-27T16:52:41-03:00,0.343994,-0.177551,0.914612,286.714294,-20.264988,-10.98604,214929.0625,255,2247,3144,3181,2617,1,2744,4.82254,-4.351501,1.540222,-0.038360000000000005,0.26838,0.12446
2017-05-27T16:52:41-03:00,0.31134,-0.010071,0.920654,295.300018,-18.683104,-0.6267189999999999,214929.0625,255,2406,3216,2709,2630,0,3282,-5.196381,0.276642,-3.102875,-0.07447999999999999,0.24794,0.12222
2017-05-27T16:52:41-03:00,0.276489,-0.044556,0.920227,286.732117,-16.704821,-2.771989,214929.0625,255,2354,3230,4018,2610,1,3076,3.626251,2.990723,-2.8561400000000003,-0.03654,0.25508000000000003,0.1197
2017-05-27T16:52:41-03:00,0.334778,-0.044983,0.903015,291.207153,-20.318293,-2.851782,214929.0625,255,2413,3225,4089,2675,1,3044,-0.971985,-1.831818,-4.276733,-0.06188,0.27622,0.12655999999999998
2017-05-27T16:52:41-03:00,0.34906,-0.06427000000000001,0.910156,292.407776,-20.935053,-4.0391949999999985,214929.265625,255,2513,3222,4084,2761,1,3218,-1.203766,-1.5776059999999998,-5.211334,-0.06468,0.26278,0.12278
2017-05-27T16:52:41-03:00,0.314148,-0.060242,0.90979,294.15213,-19.011017,-3.788307,214929.265625,255,2554,3222,4022,2797,1,3269,-4.082336,-0.02243,-0.994415,-0.07923999999999999,0.28434,0.1274
2017-05-27T16:52:42-03:00,0.298767,-0.095459,0.919922,287.989227,-17.902523000000006,-5.924298,214928.4375,255,2659,3253,4093,3032,1,2008,9.719849,13.301239,-6.684264999999999,-0.044660000000000005,0.2695,0.12236
2017-05-27T16:52:42-03:00,0.306702,-0.10888699999999997,0.981445,294.504425,-17.254498,-6.330806,214928.4375,255,1919,3251,4094,3019,1,0,11.551666,84.33090200000002,1.77948,-0.0721,0.2527,0.12824000000000002
2017-05-27T16:52:42-03:00,0.6931149999999999,-0.354004,0.8494870000000001,296.112396,-36.984962,-22.622789,214928.4375,255,706,2547,1027,1761,1,0,33.122253,118.739166,18.878937,-0.0889,0.2814,0.13412000000000002
2017-05-27T16:52:42-03:00,0.901306,0.7026979999999999,0.238708,302.122955,-50.53194000000001,71.237228,214928.4375,255,480,1513,568,855,0,0,-72.547455,98.349915,52.73391700000001,-0.1295,0.29722,0.09254
2017-05-27T16:52:42-03:00,0.691284,0.049255,0.906372,299.7578430000001,-37.291809,3.11059,214928.65625,255,407,1452,494,717,1,88,-51.208649,74.229736,27.432404,-0.11564,0.29848,0.09954
2017-05-27T16:52:42-03:00,0.600525,0.12298599999999997,0.682068,299.239685,-40.908089,10.221354,214928.65625,255,540,1428,894,764,1,440,-43.544922,8.374023,-23.447266,-0.11186,0.29666,0.07798
2017-05-27T16:52:43-03:00,0.627197,-0.040955,0.5549930000000001,303.8805240000001,-48.417889,-4.220379,214928.65625,255,615,1292,1131,615,0,1,-18.325653,-47.111359,-7.394562,-0.13216,0.27958,0.07266
2017-05-27T16:52:43-03:00,0.559448,-0.008484,0.4995729999999999,299.182648,-48.231869,-0.97292,214928.65625,255,738,1389,1102,442,0,523,26.834259000000007,-98.469543,-23.163147,-0.09926,0.26404,0.08847999999999999
2017-05-27T16:52:43-03:00,0.490967,-0.055176,0.5936279999999999,291.570068,-39.471867,-5.310199,214929.875,255,919,1231,1126,575,1,641,13.263855,-94.70871,-31.821289,-0.05936,0.25732,0.10024
2017-05-27T16:52:43-03:00,0.673279,-0.13336199999999998,0.607178,298.378876,-47.283119,-12.387859,214929.875,255,895,970,1034,572,0,458,-15.955505,-60.943451,-71.149292,-0.08567999999999999,0.238,0.10416
2017-05-27T16:52:43-03:00,0.702026,0.046692,0.743042,304.707092,-43.317844,3.595672,214929.875,255,871,1224,1095,646,0,460,-10.146027,-13.450775,-51.709595,-0.12264,0.25004,0.10766
2017-05-27T16:52:43-03:00,0.340881,0.073303,0.5351560000000001,307.9468990000001,-32.255314,7.799573,214929.875,255,823,1290,1231,1265,1,451,-4.560852,76.831665,1.420593,-0.1407,0.25004,0.09954
2017-05-27T16:52:43-03:00,0.4426270000000001,-0.013855,0.912048,297.0722350000001,-25.885204,-0.870317,214929.46875,255,1236,1926,889,1907,0,702,-15.185394,-13.054504,-18.647156,-0.08428,0.252,0.10808
2017-05-27T16:52:43-03:00,0.530945,-0.060608,0.873474,301.517517,-31.232458,-3.969231,214929.46875,255,1828,2217,1529,2376,1,0,-42.857056,10.632019,7.155303999999999,-0.1022,0.2415,0.11508
2017-05-27T16:52:44-03:00,0.368225,0.024841,0.920288,306.338562,-21.80011,1.546208,214929.46875,255,2277,2926,2402,2725,1,2773,-19.297638,-5.727233999999998,2.377625,-0.1274,0.24206,0.10136
2017-05-27T16:52:44-03:00,0.308594,-0.053528,0.921021,300.701141,-18.494671,-3.326172,214929.46875,255,2420,3068,2451,2746,1,3217,-1.689758,-3.985138,-1.390686,-0.11228,0.27622,0.09324
2017-05-27T16:52:44-03:00,0.355652,-0.107544,0.905029,302.408417,-21.317089000000006,-6.776636999999999,214929.0625,255,2439,3162,2550,2740,0,3287,-5.188904,1.368256,0.8822629999999999,-0.12026,0.2723,0.10388
2017-05-27T16:52:44-03:00,0.334106,-0.010193,0.905212,302.366913,-20.257509,-0.645135,214929.0625,255,2264,3193,2432,2411,1,3277,-1.7720029999999998,0.829926,-1.59256,-0.12348,0.28014,0.1015
2017-05-27T16:52:44-03:00,0.282349,-0.03949,0.901978,303.908356,-17.366201,-2.506883,214929.0625,255,2203,3208,2294,2130,1,3392,-0.762634,-6.4151,-3.872986,-0.11914,0.25172,0.0938
2017-05-27T16:52:44-03:00,0.274841,-0.098511,0.919739,303.414734,-16.54805,-6.1134900000000005,214929.0625,255,2245,3192,2410,2159,1,3434,0.740204,1.786957,-1.069183,-0.11844,0.25592,0.09716
2017-05-27T16:52:44-03:00,0.309937,-0.092834,0.909119,295.445312,-18.73468,-5.830538,214929.875,255,2308,3201,2409,2291,0,3323,0.942078,7.312317,1.786957,-0.07783999999999999,0.25676,0.09688
2017-05-27T16:52:44-03:00,0.32782,-0.024353,0.951355,300.498688,-19.00725,-1.466352,214929.875,255,2351,3246,4092,2589,0,2810,-3.843079,2.699127,-0.239258,-0.10906,0.27104,0.0973
2017-05-27T16:52:44-03:00,0.341797,-0.039368,0.9006959999999999,299.532776,-20.762667,-2.502695,214929.875,255,2343,3281,4093,2707,0,1850,-1.457977,6.639403999999999,2.908478,-0.09478,0.24752,0.09548
2017-05-27T16:52:45-03:00,0.319458,0.028503,0.907776,301.526093,-19.378788,1.79845,214929.875,255,2354,3304,4094,2803,0,1,2.123413,7.7085880000000015,-1.9664,-0.11872,0.28042,0.09394
2017-05-27T16:52:45-03:00,0.286316,-0.013367,0.936035,299.290497,-17.006273,-0.8181350000000001,214929.46875,255,2012,3306,4095,2831,0,5,5.891724,34.311066,-4.80011,-0.10962,0.28994000000000003,0.09282
2017-05-27T16:52:45-03:00,0.429138,-0.07928500000000001,0.973083,311.6401370000001,-23.727985,-4.658042,214929.46875,255,1014,3250,4094,2104,1,1,10.392761,100.892029,1.203766,-0.16184,0.24864,0.08974
2017-05-27T16:52:45-03:00,0.8956299999999999,-0.17395,0.8687739999999999,309.142303,-45.309109,-11.322317,214929.46875,255,418,2513,1010,748,1,1,-74.259644,180.602264,35.626984,-0.1603,0.27146,0.059779999999999986
2017-05-27T16:52:45-03:00,1.025391,0.380798,0.760437,309.0775450000001,-50.327858,26.599991,214929.46875,255,333,1675,596,187,1,393,-245.0,6.407623,-35.44754000000001,-0.16772,0.28476,-0.05236
2017-05-27T16:52:45-03:00,0.6184689999999999,-0.333496,0.767456,318.915924,-36.468182,-23.487234,214929.46875,255,323,1576,970,175,1,445,-119.987793,-131.173096,-59.373322,-0.24192,0.2849,-0.08148
2017-05-27T16:52:45-03:00,0.955383,-0.786926,0.5690310000000001,331.2014470000001,-44.532368,-54.129101,214929.46875,255,378,1540,1161,150,0,473,-73.721313,-139.225616,-151.95114099999995,-0.25564000000000003,0.1953,-0.0532
2017-05-27T16:52:45-03:00,1.099731,-0.493042,0.517944,343.151215,-56.966366,-43.588989,214929.46875,255,429,1476,1265,182,1,470,-87.49359100000002,-83.650513,-162.433624,-0.27944,0.13285999999999998,-0.02408
2017-05-27T16:52:45-03:00,0.803833,-0.240967,0.636047,356.029144,-49.763794,-20.749212,214929.46875,255,469,1446,1348,289,1,429,-20.920105,-49.077759,-84.74960300000002,-0.26978,0.06006,0.01218
2017-05-27T16:52:46-03:00,0.572815,-0.12616,0.759644,354.443695,-36.644405,-9.429472,214930.5,255,527,1404,1380,429,0,432,-12.904967999999998,-40.337372,-51.81427,-0.24514,0.06174,0.02982
2017-05-27T16:52:46-03:00,0.476318,-0.14209000000000002,0.84729,0.963727,-29.005074,-9.519873,214930.5,255,667,1045,1259,431,1,438,-12.949829,-35.133514,-93.265686,-0.2429,0.03248,0.05922
2017-05-27T16:52:46-03:00,0.580994,-0.06439199999999999,0.810547,9.508481,-35.547356,-4.542196,214930.5,255,751,470,1134,653,0,470,10.48996,-24.815521,-56.45736700000001,-0.23324,-0.00378,0.07168
2017-05-27T16:52:46-03:00,0.283447,0.616943,1.007507,10.349813,-13.491737,31.481062,214930.5,255,1221,215,845,724,1,2540,-55.64239499999999,47.111359,-6.519775,-0.19936,-0.0061600000000000005,0.0728
2017-05-27T16:52:46-03:00,0.207581,0.067688,0.916382,10.062802,-12.729809,4.224446,214929.0625,255,1692,2034,1729,2076,1,3007,-4.149628,44.217834,-3.499146,-0.20552,-0.00532,0.06902
2017-05-27T16:52:46-03:00,0.368347,-0.010681,0.900757,10.397715,-22.239752,-0.67938,214929.0625,255,2157,2968,2292,2697,0,2694,-51.889038,19.768677,6.1309809999999985,-0.21616,-0.00686,0.0525
2017-05-27T16:52:46-03:00,0.337585,-0.192261,0.901001,16.736963,-20.124285,-12.045445,214929.0625,255,2477,3160,4089,2932,1,2866,-8.17215,-4.26178,-1.487885,-0.20902,-0.029960000000000007,0.051660000000000005
2017-05-27T16:52:46-03:00,0.28949,-0.029602,0.918213,7.799549000000002,-17.490238,-1.846506,214929.0625,255,2542,3204,4087,2987,1,2970,-3.9328,4.5907589999999985,-2.983246,-0.2261,0.0030800000000000003,0.0539
2017-05-27T16:52:47-03:00,0.362122,-0.08429,0.88446,8.978889,-22.174818,-5.443877,214929.875,255,2548,3210,4093,3022,1,2340,-0.343933,4.6356199999999985,-3.005676,-0.2212,-0.00154,0.04564
2017-05-27T16:52:47-03:00,0.390137,-0.116211,0.888916,16.041817,-23.518061,-7.448225,214929.46875,255,2137,3286,4094,3128,0,0,2.400055,25.630493,-0.6654359999999999,-0.22554,-0.02954,0.0266
2017-05-27T16:52:47-03:00,0.35376,-0.008545,0.93988,15.130894,-20.624958,-0.52089,214929.46875,255,1080,3154,4094,2825,1,1,18.153687,96.293793,-19.252777,-0.22554,-0.0259,0.00518
2017-05-27T16:52:47-03:00,1.361572,0.080139,1.07312,12.5194,-51.679188,4.270844,214929.46875,255,385,1658,810,730,0,0,-245.0,154.725037,57.69104,-0.23786,-0.016380000000000002,-0.03598
2017-05-27T16:52:47-03:00,0.73761,-0.213196,1.06366,9.638031,-34.213371,-11.333956,214928.65625,255,351,1688,462,653,1,217,77.975616,71.904449,25.914612,-0.25774,-0.00476,-0.05628
2017-05-27T16:52:48-03:00,0.5646359999999999,-0.079163,0.622131,14.87213,-41.997478,-7.251585,214928.65625,255,377,1579,707,645,1,384,-34.931641,-24.008026,-16.411591,-0.25648000000000004,-0.02828,-0.06468
2017-05-27T16:52:48-03:00,0.744812,0.152588,0.561523,2.3604540000000003,-52.001179,15.202407999999998,214928.65625,255,497,1195,960,685,0,413,-2.422485,-92.076874,-7.162781,-0.16058,0.0175,-0.0224
2017-05-27T16:52:48-03:00,0.552673,-0.001343,0.427246,17.707613000000006,-52.293919,-0.180072,214928.65625,255,784,792,1014,640,1,418,-0.680389,-112.570801,-22.45285,-0.21784,-0.035,0.014
2017-05-27T16:52:48-03:00,0.654419,-0.103333,0.531433,8.275931,-50.399815,-11.003365,214930.28125,255,827,265,877,671,0,628,17.510680999999998,-90.394592,-49.436646,-0.18466,0.00098,0.05264
2017-05-27T16:52:48-03:00,0.819824,0.026978,0.662415,15.009413,-51.038723,2.332143,214930.28125,255,836,120,905,828,0,629,2.803802,-31.896057,-17.032166,-0.16772,-0.0189,0.06706000000000001
2017-05-27T16:52:48-03:00,1.112549,-0.423767,1.2201540000000002,25.897125,-40.739662,-19.152435,214930.28125,255,904,827,701,1502,0,634,2.213135,4.673004,17.077026,-0.17332,-0.05404,0.06496
2017-05-27T16:52:48-03:00,0.318359,-0.246582,0.943726,20.337746,-18.075951,-14.643196,214930.28125,255,1243,2044,1263,1959,0,854,72.577362,-11.125488,-6.362762,-0.18228,-0.03794,0.0679
2017-05-27T16:52:48-03:00,0.420288,-0.043396,0.906372,28.2484,-24.852304,-2.741159,214929.671875,255,1469,2577,1665,2177,1,1219,7.760925,-3.768311,-0.246735,-0.13944,-0.04984,0.06244
2017-05-27T16:52:49-03:00,0.317566,-0.025574,0.913025,17.447731,-19.171591,-1.604429,214929.671875,255,2186,3225,840,2540,0,2954,2.758942,1.368256,-4.82254,-0.20818000000000006,-0.03248,0.0728
2017-05-27T16:52:49-03:00,0.34191900000000003,-0.080933,0.8863530000000001,22.197372,-21.014847,-5.2171949999999985,214929.875,255,2183,3234,772,2560,1,2668,3.39447,3.110352,-3.514099,-0.16702,-0.04046,0.0742
2017-05-27T16:52:49-03:00,0.314026,-0.051025,0.907349,22.022257,-19.062374,-3.218678,214929.875,255,2314,3233,1106,2670,0,2651,4.830017,2.497253,-4.0449519999999985,-0.18158,-0.0434,0.07812000000000001
2017-05-27T16:52:49-03:00,0.381897,-0.101501,0.8787229999999999,31.989662,-23.351488,-6.589044,214929.671875,255,2469,3272,1686,3041,1,0,3.297272,11.282501,-3.357086,-0.14196,-0.06146,0.06706000000000001
2017-05-27T16:52:49-03:00,0.377441,-0.09314,0.8867799999999999,15.488997,-22.943089,-5.995868,214929.671875,255,2448,3279,1694,3095,1,0,3.611298,7.828216999999999,-5.054321,-0.2149,-0.02604,0.06706000000000001
2017-05-27T16:52:50-03:00,0.341797,-0.112122,0.917664,21.03586,-20.290102,-6.965961999999998,214929.671875,255,2112,3278,1848,3109,1,0,-2.886047,42.333679,5.398254,-0.18634,-0.04116,0.05922
2017-05-27T16:52:50-03:00,0.38562,-0.087646,0.8414309999999999,22.531305,-24.504677,-5.946692,214929.671875,255,1196,3215,1661,2837,0,1,12.344208,89.22821,-3.102875,-0.20006,-0.0497,0.03822
2017-05-27T16:52:50-03:00,1.578064,-1.037476,0.661316,22.490362,-52.058571,-57.48542800000001,214930.28125,255,417,1902,884,644,1,0,-42.759857,29.623108,57.698517,-0.19502,-0.0483,-0.01344
2017-05-27T16:52:50-03:00,1.079834,0.137573,0.940002,17.419437,-48.659328,8.326361,214930.28125,255,379,1519,798,629,0,0,102.850952,66.999664,28.86795,-0.21966,-0.03416,-0.01106
2017-05-27T16:52:50-03:00,0.283508,0.17791700000000002,0.440247,1.077333,-30.839842,22.005182,214930.28125,255,354,1803,5,563,1,346,-40.591583,-9.331055,18.549957,-0.27426,0.03612,-0.0273
2017-05-27T16:52:50-03:00,0.442566,0.108337,0.407898,358.543427,-46.359959,14.874306,214930.28125,255,410,1587,1,567,1,441,1.480408,-84.839325,-30.355835,-0.20804,0.03682,-0.01078
2017-05-27T16:52:50-03:00,0.606384,-0.039795,0.47876,3.816358,-51.611809,-4.751551,214930.28125,255,600,1259,414,617,0,467,23.619232,-113.468018,-31.791382,-0.22008000000000005,0.01834,0.025480000000000003
2017-05-27T16:52:50-03:00,0.5992430000000001,-0.017578,0.605103,15.337978,-44.709164,-1.663965,214930.28125,255,725,721,189,645,0,500,28.396912,-94.312439,-35.0737,-0.21266,-0.0252,0.055720000000000006
2017-05-27T16:52:51-03:00,0.797424,0.14141800000000002,0.631714,13.120015,-50.930283,12.618457,214930.28125,255,739,785,565,727,0,464,-5.458069,-45.795441,0.957031,-0.16926,-0.01344,0.06356
2017-05-27T16:52:51-03:00,0.464478,0.126221,0.741089,14.046006,-31.709963,9.665748,214930.28125,255,921,1971,808,1556,1,710,37.780304,50.483398,-11.260071,-0.19166,-0.01834,0.0805
2017-05-27T16:52:51-03:00,0.372742,0.074646,0.924255,19.93198,-21.89913,4.617380000000002,214932.140625,255,1175,2336,1246,1793,0,1039,-22.497711,9.779663,1.465454,-0.1834,-0.03682,0.06272
2017-05-27T16:52:51-03:00,0.432983,0.182861,0.928772,12.655945,-24.579735,11.138222,214932.140625,255,1662,2962,2102,2155,0,1,-50.311432,-12.957306,2.8561400000000003,-0.17682,-0.0126,0.05852
2017-05-27T16:52:51-03:00,0.360535,0.03717,0.919678,5.49679,-21.39043,2.314451,214932.140625,255,2112,3165,2494,2444,1,2588,-3.768311,-4.680481,-3.529053,-0.17934,0.00966,0.06916
2017-05-27T16:52:51-03:00,0.346497,0.029968,0.9006350000000001,11.670632,-21.032354,1.905791,214932.140625,255,2190,3229,4040,2532,0,2783,-0.052338,3.872986,-1.988831,-0.18928,-0.01022,0.06608
2017-05-27T16:52:51-03:00,0.3479,-0.078003,0.8987430000000001,12.489351,-21.088984,-4.960338,214930.703125,255,2223,3243,4054,2635,1,2408,9.181519,5.52536,-3.469238,-0.18438,-0.0126,0.06412000000000001
2017-05-27T16:52:51-03:00,0.353271,-0.008301000000000001,0.887085,8.729402,-21.713493,-0.536122,214930.703125,255,2306,3243,4057,2720,1,2343,2.429962,-3.551483,-7.334747,-0.21476,-0.00056,0.0574
2017-05-27T16:52:52-03:00,0.326599,-0.070007,0.911255,12.183656,-19.664495,-4.393129,214930.703125,255,2458,3238,4052,2823,0,1,0.964508,-5.779572,-6.287994,-0.1645,-0.01036,0.05964
2017-05-27T16:52:52-03:00,0.30395500000000003,-0.050964,0.9104,4.938081,-18.435694,-3.204082,214930.703125,255,2540,3235,4033,2875,1,2994,0.643005,2.7215580000000004,-3.775787,-0.19796,0.0126,0.06398
2017-05-27T16:52:52-03:00,0.336548,-0.065247,0.895874,19.838715,-20.539562,-4.165502,214931.3125,255,2564,3249,4040,2948,1,1957,1.472931,2.699127,-3.925323,-0.18074,-0.03598,0.0651
2017-05-27T16:52:52-03:00,0.33520500000000003,-0.070801,0.905579,14.987192000000002,-20.25555,-4.470458,214931.3125,255,2580,3255,4063,3009,1,2062,4.994507,8.658142,-5.9440610000000005,-0.1708,-0.019180000000000003,0.05964
2017-05-27T16:52:52-03:00,0.184692,-0.048401,0.957642,12.461506,-10.902552,-2.893367,214931.3125,255,2313,3260,4094,3048,0,1,12.99469,48.225403,-1.338348,-0.18158,-0.01232,0.05208
2017-05-27T16:52:52-03:00,0.393372,-0.212036,0.97229,15.373056,-21.568491,-12.302398,214931.3125,255,768,3105,4093,2457,0,0,29.869843,122.402802,11.746063,-0.18452,-0.02198,0.02142
2017-05-27T16:52:52-03:00,1.6952509999999998,0.7437739999999999,0.723938,15.357948,-58.522789,45.774315,214930.703125,255,411,1605,488,790,0,334,-245.0,140.892944,88.585205,-0.20496,-0.02436,-0.00182
2017-05-27T16:52:52-03:00,0.632568,-0.501282,0.93634,4.483308999999998,-30.77774,-28.162937,214930.703125,255,342,1454,638,593,0,407,89.51232900000002,39.514923,33.85498,-0.15442,0.01106,-0.04648
2017-05-27T16:52:52-03:00,0.494019,0.170898,0.542297,1.587043,-40.985775,17.491613,214930.703125,255,521,1275,993,711,0,472,-16.306915,-45.63842800000001,-27.798767,-0.21686,0.0266,-0.030660000000000007
2017-05-27T16:52:53-03:00,0.514221,-0.062317,0.479797,4.110265,-46.744305,-7.400246000000001,214930.703125,255,737,965,301,592,0,501,23.813629,-97.961121,-2.497253,-0.24178,0.0189,-0.0061600000000000005
2017-05-27T16:52:53-03:00,0.586792,-0.0578,0.569092,7.22503,-45.730362,-5.7994080000000015,214931.71875,255,868,201,591,703,1,437,45.518799,-111.389465,-31.634369,-0.21308,0.00504,0.028
2017-05-27T16:52:53-03:00,0.6176149999999999,-0.017761000000000002,0.642334,16.794079,-43.865105,-1.583887,214931.71875,255,922,164,589,781,0,581,22.849121,-73.01849399999998,-36.703644,-0.18718,-0.02702,0.04746
2017-05-27T16:52:53-03:00,0.657288,0.01825,0.606506,15.994632,-47.28807800000001,1.723485,214931.71875,255,805,384,672,845,0,439,-9.10675,-11.820831,-8.149719000000001,-0.2044,-0.0266,0.06076
2017-05-27T16:52:53-03:00,-0.128174,-0.039185000000000005,1.524231,15.023397,4.80516,-1.472622,214931.71875,255,1194,1759,668,1907,0,221,-53.489075,-38.976593,-7.858124,-0.21322,-0.02408,0.06608
2017-05-27T16:52:53-03:00,0.315125,-0.165771,0.8703,14.448128,-19.580072,-10.784298,214932.953125,255,1577,2122,604,2353,0,1189,48.98056,-0.650482,-6.273041,-0.2016,-0.02072,0.06272
2017-05-27T16:52:53-03:00,0.421936,0.035767,0.8842770000000001,17.534794,-25.49011,2.316195,214932.953125,255,2004,3026,0,2640,0,1,-25.241699,-1.128998,14.228363,-0.1848,-0.02912,0.06006
2017-05-27T16:52:53-03:00,0.309875,-0.054565,0.923157,11.864997,-18.525206,-3.382671,214932.953125,255,2329,3160,783,2735,0,2601,-8.299255,-15.648956,1.016846,-0.17318,-0.00994,0.06916
2017-05-27T16:52:53-03:00,0.334656,-0.026001,0.917053,18.144234,-20.040884,-1.624058,214932.953125,255,2416,3183,960,2810,1,3036,-1.4953610000000002,-0.029907,-4.98703,-0.17864000000000002,-0.0301,0.07672000000000001
2017-05-27T16:52:54-03:00,0.328064,-0.050232,0.897156,14.937819,-20.057104,-3.204656,214933.78125,255,2342,3189,904,2762,1,2983,3.274841,-1.555176,-3.91037,-0.19978,-0.02226,0.077
2017-05-27T16:52:54-03:00,0.306641,-0.068665,0.909424,17.713245,-18.583889000000006,-4.317832,214933.78125,255,2399,3162,694,2734,0,3202,-0.91217,-4.059906,-4.142151,-0.182,-0.02926,0.07196
2017-05-27T16:52:54-03:00,0.314209,-0.084839,0.911072,16.674814,-18.952101000000006,-5.3200330000000005,214933.78125,255,2533,3166,181,2850,0,3393,1.211243,-2.026215,-5.024414,-0.19096,-0.027160000000000004,0.07307999999999999
2017-05-27T16:52:54-03:00,0.323425,-0.095825,0.904541,14.154276,-19.573742000000006,-6.0472410000000005,214933.78125,255,2560,3181,180,2866,1,3375,-3.005676,3.39447,-0.643005,-0.18648,-0.0182,0.07196
2017-05-27T16:52:54-03:00,0.32000700000000004,-0.073425,0.921326,18.6973,-19.097683,-4.556571,214932.953125,255,2572,3205,455,2916,0,3193,1.80191,1.338348,-1.921539,-0.15064,-0.02688,0.0665
2017-05-27T16:52:54-03:00,0.30493200000000004,-0.092529,0.910706,11.687421,-18.423698,-5.801444999999998,214932.953125,255,2636,3215,862,3000,0,2700,8.860016,6.8038940000000006,-5.390778,-0.17794,-0.00966,0.06454
2017-05-27T16:52:55-03:00,0.33313000000000004,-0.081604,0.90271,12.386705,-20.180119,-5.165436,214932.953125,255,2672,3226,1254,3073,0,1693,3.529053,11.783447,-5.211334,-0.21672,-0.01442,0.06874
2017-05-27T16:52:55-03:00,0.549927,0.164368,0.6293949999999999,8.787378,-40.210739,14.636026,214931.71875,255,375,1354,555,689,0,410,-60.509796,-7.349701,19.335022,-0.27076,-0.00098,-0.060620000000000014
2017-05-27T16:52:55-03:00,0.217896,-0.143494,0.283142,13.067345,-34.467377,-26.875446000000004,214931.71875,255,667,960,900,556,0,472,-1.271057,-95.561066,-27.694092,-0.22834,-0.01792,-0.04298
2017-05-27T16:52:55-03:00,0.510803,-0.117859,0.404663,5.507491,-50.473068,-16.2383,214931.71875,255,841,260,779,525,1,469,6.74408,-114.096069,-38.30368,-0.26082,0.014,-0.00476
2017-05-27T16:52:56-03:00,0.307068,-0.048035,0.916992,14.644535,-18.490231,-2.998576,214932.75,255,2256,3203,630,2578,1,3096,0.770111,-0.17944300000000002,-4.015045,-0.25564000000000003,-0.027160000000000004,0.03766
2017-05-27T16:52:56-03:00,0.33886700000000003,-0.072327,0.902649,12.054934,-20.516592000000006,-4.581159,214932.75,255,2260,3187,569,2587,0,3115,-0.426178,-0.7775880000000001,-3.970184,-0.21672,-0.01316,0.0378
2017-05-27T16:52:56-03:00,0.322998,-0.08081100000000001,0.908569,10.929105,-19.499256,-5.082663,214932.75,255,2378,3175,523,2649,0,3346,1.6972349999999998,-1.899109,-4.0449519999999985,-0.23548,-0.00966,0.032760000000000004
2017-05-27T16:52:56-03:00,0.310974,-0.08142100000000001,0.919006,16.331301,-18.626932,-5.062995,214932.75,255,2482,3183,301,2752,1,3432,5.420685,-1.383209,-4.127197,-0.25816,-0.03514,0.03822
2017-05-27T16:52:56-03:00,0.31005900000000003,-0.072754,0.908508,14.74847,-18.788002,-4.578511,214933.359375,255,2522,3187,129,2794,0,3439,1.876678,-0.26168800000000003,-3.050537,-0.2513,-0.027160000000000004,0.03976
2017-05-27T16:52:57-03:00,0.305603,-0.079651,0.912964,14.604318,-18.442024,-4.986104,214933.359375,255,2530,3188,1,2828,1,3439,2.003784,0.16449,-2.729034,-0.24542,-0.0259,0.03598
2017-05-27T16:52:57-03:00,0.296143,-0.085938,0.913635,17.703182,-17.885517,-5.373492,214933.359375,255,2556,3193,146,2892,1,3396,2.325287,1.4280700000000002,-2.64679,-0.19964,-0.032060000000000005,0.03794
2017-05-27T16:52:57-03:00,0.29657,-0.071289,0.912048,14.406343,-17.961666,-4.469362,214933.359375,255,2595,3208,571,2963,1,3134,2.564545,5.024414,-3.155212,-0.2058,-0.021,0.03472
2017-05-27T16:52:57-03:00,1.583252,0.208557,0.572998,23.282345,-68.93633299999999,20.000256,214932.546875,255,391,1934,515,515,0,0,-46.602936,90.96283,-37.989655,-0.22036,-0.05782,-0.08386
2017-05-27T16:52:57-03:00,0.8483280000000001,-0.008911,0.779297,19.783112,-47.426704,-0.655139,214933.5625,255,255,1817,363,534,1,370,-43.148651,115.337219,54.565735,-0.23114,-0.04578,-0.1071
2017-05-27T16:52:57-03:00,0.465515,-0.161011,0.065491,22.666979,-69.524704,-67.86608100000001,214933.5625,255,346,1880,1,436,0,443,-129.819794,9.547882,-12.598419,-0.22316,-0.056,-0.09436
2017-05-27T16:52:58-03:00,0.113098,-0.514893,0.196838,18.289087,-11.594604,-69.078636,214933.5625,255,215,1948,1,373,0,461,-25.503387,-111.972656,-11.23764,-0.25284,-0.04326,-0.02926
2017-05-27T16:52:58-03:00,1.000549,-0.135376,0.267456,25.868982,-73.321732,-26.846781,214933.5625,255,576,1668,1,383,0,464,-5.480499,-152.56423999999996,-62.902374,-0.23884,-0.07434,0.07153999999999999
2017-05-27T16:52:58-03:00,0.34491,-0.072021,0.768433,34.457455,-24.07938,-5.354415,214933.359375,255,748,1225,1,456,1,480,0.957031,-137.124634,-48.001099,-0.1596,-0.07742,0.13104000000000002
2017-05-27T16:52:58-03:00,0.5901489999999999,0.028687,0.934753,70.17961899999999,-32.253757,1.757791,214933.359375,255,750,1304,1,594,0,329,-28.292236,-109.572601,-59.2836,-0.04928,-0.09114,0.13047999999999998
2017-05-27T16:52:58-03:00,0.414368,-0.19519,0.8240360000000001,66.901733,-26.073048,-13.326118,214933.359375,255,750,1419,1,632,1,462,-32.890471999999995,-66.19216899999999,-21.824799,-0.0273,-0.04424,0.12138
2017-05-27T16:52:58-03:00,0.312927,-0.199585,0.8293459999999999,146.652573,-20.145308,-13.531133,214933.359375,255,756,1401,1,558,0,463,-2.183228,-5.2711489999999985,-45.668335,0.0371,-0.033319999999999995,0.12194
2017-05-27T16:52:58-03:00,0.16333,-0.174438,1.1968379999999998,113.790428,-7.690763,-8.292437,214934.1875,255,927,179,1,247,0,2338,-11.641388,50.229187,-34.311066,0.01652,-0.06076,0.12095999999999997
2017-05-27T16:52:58-03:00,0.300598,-0.07959,1.052368,28.892828,-15.898348,-4.325005,214934.1875,255,1068,1,0,151,0,2998,14.512482,32.40448,-1.7645259999999998,-0.02534,-0.00938,0.12697999999999998
2017-05-27T16:52:59-03:00,0.514465,-0.218811,1.166382,74.900719,-23.437483,-10.625086,214934.1875,255,1589,1,0,1058,0,3291,5.069275,34.497986,-1.59256,-0.01848,-0.04214,0.1183
2017-05-27T16:52:59-03:00,0.243713,-0.169128,0.93042,61.67654,-14.451565,-10.302531,214934.1875,255,1991,2668,1,2123,1,1,53.990021,27.297821000000006,-7.910461,-0.0287,-0.03822,0.12292
2017-05-27T16:52:59-03:00,0.389465,-0.023743,0.8974,52.649956,-23.45319,-1.515532,214935.0,255,2074,3038,1,2473,1,0,15.850829999999998,-6.95343,3.274841,-0.04382,-0.04242,0.14364000000000002
2017-05-27T16:52:59-03:00,0.337646,0.010986,0.8925780000000001,76.321564,-20.719305,0.705191,214935.0,255,2153,3103,1,2258,0,3321,5.398254,-3.282318,-5.2711489999999985,-0.027160000000000004,-0.06636,0.13902
2017-05-27T16:52:59-03:00,0.307068,-0.016968,0.908752,46.491528,-18.667107,-1.069674,214935.0,255,2135,3137,1,2163,1,3380,3.170166,-0.747681,-4.329071,-0.06076,-0.04732,0.13104000000000002
2017-05-27T16:52:59-03:00,0.32019000000000003,0.002441,0.915039,98.714813,-19.285896,0.15287,214935.0,255,2131,3115,1,1915,1,3490,-0.979462,-2.377625,-4.658051,0.00014,-0.0595,0.12894
2017-05-27T16:52:59-03:00,0.290955,0.01239,0.900818,119.617516,-17.898319,0.7880149999999999,214934.59375,255,2075,3097,1,1689,0,3512,-7.63382,0.72525,-3.865509,0.0182,-0.04732,0.13566
2017-05-27T16:52:59-03:00,0.26879899999999995,-0.005065999999999999,0.898438,53.707325,-16.656132,-0.323064,214934.59375,255,2182,3115,1,2107,1,3497,2.29538,6.026306,-1.75705,-0.06286,-0.06314,0.14322
2017-05-27T16:52:59-03:00,0.311279,-0.082764,0.934509,69.71653,-18.355595,-5.061126,214934.59375,255,2464,3179,1,2721,1,2,-1.114044,6.467438,3.02063,-0.03542,-0.06426,0.13118
2017-05-27T16:53:00-03:00,0.367554,-0.014587,0.903137,58.074059,-22.142456,-0.925357,214934.59375,255,2421,3227,1142,2778,0,2759,-0.942078,7.177734,-0.493469,-0.05334,-0.06244,0.13538
2017-05-27T16:53:00-03:00,0.328674,-0.093445,0.891968,41.083992,-20.126707,-5.9806370000000015,214934.390625,255,2337,3245,1086,2760,0,1,-0.104675,3.917847,0.336456,-0.031639999999999995,-0.02016,0.13677999999999998
2017-05-27T16:53:00-03:00,0.357849,0.002258,0.8967290000000001,70.876198,-21.754938,0.144292,214934.390625,255,2298,3252,1387,2793,0,1845,5.435638,4.157104,-2.564545,-0.01904,-0.03626,0.1281
2017-05-27T16:53:00-03:00,0.371094,-0.08606,0.8884280000000001,80.331688,-22.575157,-5.532824,214934.390625,255,2372,3247,1539,2927,1,1593,9.959106,5.517883,-6.811371,-0.02128,-0.06454,0.13622
2017-05-27T16:53:00-03:00,0.341064,-0.07372999999999999,0.8974610000000001,96.289391,-20.744514,-4.69656,214934.390625,255,2407,3245,1526,3007,0,1705,2.362671,-4.725342,-3.962708,-0.00084,-0.021,0.12474
2017-05-27T16:53:00-03:00,0.279663,-0.056458,0.916931,81.37138399999998,-16.931427,-3.523382,214935.0,255,2438,3236,1203,2983,0,1917,0.014954,-0.059814,-2.377625,-0.02142,-0.06916,0.12754
2017-05-27T16:53:00-03:00,0.12506099999999998,0.009705,1.028809,49.915817,-6.930513,0.540446,214935.0,255,1802,3200,1112,2892,1,420,30.355835,67.410889,-4.358978,-0.060479999999999985,-0.0532,0.12964
2017-05-27T16:53:00-03:00,1.159302,-1.477905,1.499023,30.778984,-28.842525,-44.593555,214935.0,255,282,1779,1,10,0,0,-243.160706,152.13806200000005,-10.527344,-0.09366,-0.03822,0.133
2017-05-27T16:53:01-03:00,0.780945,-0.068237,1.006165,329.192596,-37.753532,-3.879815,214935.0,255,377,1506,0,32,0,531,-109.72213700000002,-21.690216,-120.630798,-0.12908,0.10598,0.1995
2017-05-27T16:53:01-03:00,0.776306,-0.448486,0.388794,310.813721,-52.599144,-49.0779,214933.359375,255,397,1467,1,41,1,676,-131.816101,-119.576569,-119.501801,-0.09534,0.1512,0.19936
2017-05-27T16:53:01-03:00,0.6608890000000001,-0.526001,0.290588,293.872253,-47.720444,-61.081615,214933.359375,255,628,878,1,16,1,817,-38.139191,-133.991852,-138.687286,-0.06496,0.23758,0.17934
2017-05-27T16:53:01-03:00,0.791077,-0.234985,0.272522,286.4987490000001,-65.540329,-40.769951,214933.359375,255,830,643,1,447,1,628,8.635712,-57.347107,-100.174255,-0.02884,0.20734,0.16562000000000002
2017-05-27T16:53:01-03:00,0.805298,-0.293396,0.69165,291.424347,-46.986526,-22.986509,214933.359375,255,982,536,1,748,1,470,-59.545288,-7.917938,-37.870026,-0.04536,0.19894,0.16814
2017-05-27T16:53:01-03:00,-0.139465,-0.405579,0.404724,277.521271,13.680185,-45.06042100000001,214935.0,255,890,1150,504,386,0,377,61.33224499999999,79.23172,-4.867401,0.00378,0.20454,0.1659
2017-05-27T16:53:01-03:00,0.658325,0.596436,1.62085,294.113556,-20.865488,20.202459,214935.0,255,1608,2001,549,2534,1,0,-245.0,-92.637634,47.103882,-0.07307999999999999,0.26292,0.15847999999999998
2017-05-27T16:53:01-03:00,0.485107,-0.501892,0.812866,299.805817,-26.921129,-31.692635,214935.0,255,1710,2748,68,2660,0,584,40.726166,8.448792,15.170441,-0.08526,0.21952,0.15847999999999998
2017-05-27T16:53:01-03:00,0.256775,-0.080261,0.939575,293.720978,-15.23215,-4.882518,214935.0,255,2251,3204,902,2978,0,1,42.827148,-0.306549,5.8543400000000005,-0.06118,0.2261,0.14672000000000002
2017-05-27T16:53:02-03:00,0.350159,-0.107178,0.927551,285.099792,-20.556723,-6.591246000000001,214934.59375,255,2467,3262,1434,3080,0,1,-3.065491,-1.667328,-4.5907589999999985,-0.02632,0.2303,0.15175999999999998
2017-05-27T16:53:02-03:00,0.310608,-0.034424,0.913086,293.553253,-18.774555,-2.159059,214934.59375,255,2387,3270,947,3032,1,1890,-5.547791,-6.467438,-3.379517,-0.06384,0.2387,0.15666
2017-05-27T16:53:02-03:00,0.35125700000000004,-0.044922,0.906677,298.5313720000001,-21.153299,-2.836435,214933.78125,255,2509,3271,1110,3036,1,1,-0.411224,-2.183228,-2.557068,-0.08106000000000001,0.2233,0.1533
2017-05-27T16:53:02-03:00,0.31048600000000004,-0.053223,0.909973,302.1978450000001,-18.809931,-3.347311,214933.78125,255,2561,3259,1118,3056,1,2617,1.816864,0.082245,-4.26178,-0.09562,0.21868,0.15148
2017-05-27T16:53:02-03:00,0.332947,-0.106567,0.903015,298.14151,-20.110945,-6.730508,214933.78125,255,2593,3259,1185,3088,1,2355,2.631836,2.228088,-3.162689,-0.08217999999999999,0.23128,0.15175999999999998
2017-05-27T16:53:02-03:00,0.303162,-0.106812,0.908508,293.722534,-18.335665,-6.7053699999999985,214933.78125,255,2644,3261,1150,3119,1,2196,10.3479,4.830017,-6.22818,-0.06202000000000001,0.22918,0.15525999999999998
2017-05-27T16:53:03-03:00,0.282959,-0.126099,0.916138,297.4620060000001,-17.012852,-7.8370380000000015,214934.59375,255,2626,3264,1442,3137,1,972,4.702911,16.321869,-3.087921,-0.07896,0.23086,0.1547
2017-05-27T16:53:03-03:00,0.267822,-0.058838,1.00177,299.777313,-14.943316,-3.361345,214934.59375,255,1585,3224,1531,2936,0,1,5.301056,90.529175,4.306641,-0.0847,0.2184,0.16548
2017-05-27T16:53:03-03:00,1.999756,-1.443298,0.620544,307.470673,-51.846153,-66.734764,214934.59375,255,278,1822,0,526,0,1,-26.452942,170.710449,33.488617,-0.1148,0.20804,0.15245999999999998
2017-05-27T16:53:03-03:00,0.819153,0.058655,0.834656,316.895721,-44.392372,4.019808,214934.59375,255,299,1568,822,861,0,408,102.192993,75.41107199999998,42.21405,-0.2009,0.25424,0.09324
2017-05-27T16:53:03-03:00,0.764832,-0.111755,0.351379,315.729797,-64.261421,-17.643141,214934.59375,255,325,1669,701,696,0,417,-51.79184,-9.039459,17.503204,-0.1869,0.24668,0.09814
2017-05-27T16:53:03-03:00,0.641418,0.137695,0.277161,314.378174,-64.242989,26.418503,214934.59375,255,392,1105,609,849,1,429,-61.83319100000001,-39.79156500000001,-31.133423,-0.19264,0.26712,0.07364
2017-05-27T16:53:03-03:00,0.370117,-0.168152,0.362732,310.711243,-42.79130900000001,-24.871052,214934.59375,255,601,683,591,732,1,418,30.677338,-108.96698,32.471771000000004,-0.1617,0.25746,0.08876
2017-05-27T16:53:03-03:00,0.671143,-0.093445,0.6625979999999999,302.028717,-45.084991,-8.02737,214934.59375,255,804,307,414,645,1,424,26.049194,-110.821228,-50.259094,-0.10724000000000003,0.24724,0.09926
2017-05-27T16:53:03-03:00,0.604187,-0.07867400000000001,0.7379760000000001,303.325348,-39.148861,-6.085217,214935.828125,255,932,1,382,634,0,541,14.213409,-88.31604,-8.800201,-0.10234,0.22204,0.11634
2017-05-27T16:53:04-03:00,0.595825,0.057739,0.705078,300.276978,-40.105061,4.681539,214935.828125,255,845,214,388,660,0,552,-10.953522,-31.933441,3.3197019999999995,-0.09492,0.23856,0.1078
2017-05-27T16:53:04-03:00,0.6232300000000001,0.151428,0.815125,295.042114,-36.93295300000001,10.524042,214935.828125,255,695,1611,749,1335,0,418,-45.092621,55.096588,7.731018,-0.0707,0.23926,0.1085
2017-05-27T16:53:04-03:00,0.399841,-0.069641,0.817688,293.794891,-25.976555,-4.8680379999999985,214935.828125,255,1213,2000,550,2091,0,722,2.243042,9.263763,-6.691742,-0.06888,0.25326,0.10822
2017-05-27T16:53:04-03:00,0.387756,-0.11792,0.890259,289.320465,-23.353886,-7.545236,214935.203125,255,1749,2280,1,2439,0,1885,-11.903076,10.557251,1.016846,-0.04788,0.25242,0.11424
2017-05-27T16:53:04-03:00,0.358521,-0.145264,0.947021,294.8511660000001,-20.515867,-8.720632,214935.203125,255,2330,2804,2,2896,1,0,-0.17944300000000002,4.80011,3.080444,-0.07392,0.25326,0.1176
2017-05-27T16:53:04-03:00,0.288147,-0.105774,0.916443,299.434448,-17.345953,-6.583827,214935.203125,255,2546,3069,1,2984,1,0,-14.990997,-3.783264,6.549683,-0.08512,0.22344,0.10682
2017-05-27T16:53:04-03:00,0.325928,0.020203,0.906616,294.542877,-19.76894,1.276543,214935.203125,255,2408,3193,1333,2710,0,2969,5.368347,3.506622,0.037384,-0.06944,0.24276,0.10374
2017-05-27T16:53:04-03:00,0.315002,-0.030701,0.902405,297.141327,-19.232254,-1.948506,214935.0,255,2289,3189,1092,2608,1,2869,3.215027,-2.026215,-5.458069,-0.08946,0.26642,0.10514
2017-05-27T16:53:05-03:00,0.295593,-0.052429,0.914368,292.059631,-17.887278,-3.281706,214935.0,255,2444,3186,894,2725,0,3197,-1.136475,-4.3365480000000005,-4.957123,-0.05866,0.24472,0.10528
2017-05-27T16:53:05-03:00,0.290833,-0.127441,0.91333,295.032654,-17.504,-7.9434710000000015,214935.0,255,2541,3179,0,2862,0,0,3.476715,-0.6130979999999999,-3.985138,-0.06706000000000001,0.22708000000000006,0.10556
2017-05-27T16:53:05-03:00,0.29388400000000003,-0.06994600000000001,0.916138,293.353943,-17.737148,-4.366011,214935.0,255,2563,3177,1,2898,1,40,-0.089722,-0.014954,-2.729034,-0.07196,0.27286,0.10892
2017-05-27T16:53:05-03:00,0.300964,-0.077271,0.913086,290.961548,-18.182163,-4.837169,214935.203125,255,2596,3180,1,2941,0,2776,1.884155,2.048645,-2.459869,-0.05194,0.2366,0.11438
2017-05-27T16:53:05-03:00,0.303589,-0.066101,0.914246,291.1762080000001,-18.324888,-4.1353589999999985,214935.203125,255,2625,3211,762,2992,0,2920,1.345825,4.628143,-2.385101,-0.05068,0.2268,0.11116
2017-05-27T16:53:05-03:00,0.302246,-0.085022,0.918335,291.268372,-18.145134,-5.289522,214935.203125,255,2643,3233,1281,3061,1,1957,3.917847,8.284302,-3.940277,-0.0539,0.2394,0.11032
2017-05-27T16:53:05-03:00,0.193054,-0.074524,0.988464,301.109619,-11.020656,-4.31158,214935.203125,255,2501,3246,1637,3097,0,0,3.469238,36.382141,-1.353302,-0.0917,0.22106,0.11522
2017-05-27T16:53:05-03:00,0.429321,-0.116089,0.970398,300.96521,-23.715189,-6.8218830000000015,214934.796875,255,1130,3114,1573,2774,1,1,20.83786,96.34613,-6.676788,-0.09814,0.23828,0.1148
2017-05-27T16:53:05-03:00,0.986328,-0.610901,0.292297,306.388824,-55.525913,-64.430313,214934.796875,255,379,1293,1,455,1,0,-147.995911,68.323059,65.003357,-0.11438,0.21686,0.11998
2017-05-27T16:53:06-03:00,0.953186,-0.069031,0.924927,304.935272,-45.782513,-4.268286,214934.796875,255,299,1124,740,697,0,346,111.98761,76.779327,50.864716,-0.13664,0.2758,0.09436
2017-05-27T16:53:06-03:00,1.018799,0.218872,0.807983,309.088318,-50.591518,15.156923999999998,214934.796875,255,444,1179,778,589,0,378,-5.495453,17.7948,18.280792,-0.16408,0.27846,0.0868
2017-05-27T16:53:06-03:00,0.55603,0.152649,0.434082,307.076904,-50.390713,19.374691,214935.625,255,641,812,612,608,1,554,-106.955719,-6.699219,-53.107758,-0.1533,0.28238,0.08666
2017-05-27T16:53:06-03:00,0.704041,-0.119385,0.500732,309.2408450000001,-53.82715200000001,-13.410120999999998,214935.625,255,771,317,700,463,1,640,15.813446,-75.396118,7.6263429999999985,-0.16674,0.28126,0.08217999999999999
2017-05-27T16:53:06-03:00,0.513123,0.036499,0.49823,300.21756,-45.767006,4.1898550000000006,214935.625,255,923,1,473,551,0,654,10.714264,-100.660248,-10.51239,-0.11396,0.28728000000000004,0.09464
2017-05-27T16:53:06-03:00,0.579468,-0.095032,0.610168,297.3228450000001,-43.17897,-8.852509,214935.625,255,967,2,486,825,0,862,21.630402,-91.815186,-32.157745,-0.08736000000000001,0.25746,0.11046
2017-05-27T16:53:06-03:00,0.661072,0.17419400000000002,0.63031,296.562134,-45.310837,15.448826,214936.234375,255,936,2,567,891,0,801,15.050812,-62.51358000000001,4.777679,-0.0882,0.27174,0.11494
2017-05-27T16:53:06-03:00,0.621765,-0.052429,0.53894,289.182159,-48.947948,-5.556364,214936.234375,255,825,78,405,753,0,654,-12.553558,-1.480408,-8.8974,-0.04662,0.24906,0.11634
2017-05-27T16:53:07-03:00,0.300537,0.199768,0.7811279999999999,287.641907,-20.442984,14.345521,214936.234375,255,1266,1999,614,1705,0,1558,-9.645081,1.2261959999999998,-4.433746,-0.04046,0.25368,0.12418
2017-05-27T16:53:07-03:00,0.366455,-0.212646,0.904358,289.061859,-21.526882,-13.231898,214936.234375,255,1661,2730,599,2231,1,1,-17.473297,9.97406,9.742279,-0.04424,0.23912,0.1337
2017-05-27T16:53:07-03:00,0.310974,-0.17511,0.904724,289.603821,-18.64747,-10.954184,214935.828125,255,2260,3050,221,2556,0,0,4.807587,-10.48996,-3.22998,-0.055720000000000006,0.28602,0.11746
2017-05-27T16:53:07-03:00,0.320251,-0.089111,0.926697,289.870575,-18.983068,-5.492684,214935.828125,255,2454,3175,112,2746,0,3103,5.959015,2.893524,-2.818756,-0.04774,0.23912,0.12264
2017-05-27T16:53:07-03:00,0.317688,0.012573,0.908752,293.6518549999999,-19.267252,0.792678,214935.828125,255,2448,3188,44,2795,1,3146,-0.02243,-2.347717,-7.073059,-0.06888,0.25578,0.1218
2017-05-27T16:53:07-03:00,0.292969,-0.108643,0.904175,292.198975,-17.833181,-6.851619,214935.828125,255,2508,3118,1,2841,0,3379,4.07486,-4.26178,-7.11792,-0.06258,0.2583,0.12208
2017-05-27T16:53:07-03:00,0.30395500000000003,-0.05835,0.921936,295.821442,-18.212954,-3.621437,214937.0625,255,2543,3069,1,2854,0,3514,2.7439880000000003,-3.514099,-7.394562,-0.07434,0.23954,0.12768
2017-05-27T16:53:07-03:00,0.279297,-0.078552,0.905029,294.612671,-17.090015,-4.96057,214937.0625,255,2532,2952,554,2848,0,3552,-4.6356199999999985,0.620575,-3.439331,-0.07322000000000001,0.2548,0.12558
2017-05-27T16:53:08-03:00,0.304749,-0.100403,0.915405,293.773499,-18.310747,-6.2592550000000005,214937.0625,255,2546,2956,521,2878,0,3536,0.396271,3.125305,-0.5458069999999999,-0.07182000000000001,0.26446,0.12488
2017-05-27T16:53:08-03:00,0.299194,-0.074585,0.916992,295.089783,-18.014732,-4.650003,214937.0625,255,2561,2992,511,2892,0,3535,-0.17944300000000002,-0.732727,-1.884155,-0.0749,0.2527,0.11536
2017-05-27T16:53:08-03:00,0.255066,-0.074951,0.951538,293.538391,-14.961478,-4.5038,214935.421875,255,2504,2979,503,2876,0,0,9.10675,11.992798,-3.708496,-0.06426,0.24052,0.12446
2017-05-27T16:53:08-03:00,0.46344,-0.294006,0.986267,298.311798,-24.242542,-16.599325,214935.421875,255,1146,2376,401,1900,1,382,6.20575,58.334045,20.950012,-0.09114,0.2541,0.13202
2017-05-27T16:53:08-03:00,0.712708,0.61792,0.655273,295.195099,-38.354824,43.319511,214935.421875,255,490,1403,477,613,0,725,-116.952209,145.60333300000005,60.02380400000001,-0.08092,0.27118000000000003,0.10654
2017-05-27T16:53:08-03:00,0.541809,-0.196899,1.052673,299.251526,-26.835945,-10.594582,214935.421875,255,289,1430,440,568,1,732,-6.512299,92.540436,44.008484,-0.10332,0.27384000000000003,0.11718
2017-05-27T16:53:08-03:00,0.608765,0.14056400000000002,0.688599,301.701935,-40.89912,11.537307,214936.640625,255,305,1422,480,664,0,877,-15.215302,28.195038,-13.069458,-0.11872,0.27804,0.09996
2017-05-27T16:53:08-03:00,0.748291,-0.021912,0.580444,298.909607,-52.179749,-2.161874,214936.640625,255,360,1122,433,578,0,972,-12.47879,-20.994873,-37.189636,-0.10514,0.28378000000000003,0.08413999999999999
2017-05-27T16:53:08-03:00,0.5977779999999999,0.009521,0.429504,304.8075560000001,-54.296043,1.269956,214936.640625,255,713,446,343,739,0,1075,13.054504,-50.842285,-35.058746,-0.13622,0.2765,0.09044
2017-05-27T16:53:09-03:00,0.287109,-0.239014,0.542786,302.2109680000001,-25.831575,-23.766117,214936.640625,255,815,1,297,693,1,1335,46.460876,-93.953552,-13.106842,-0.11522,0.26334,0.1057
2017-05-27T16:53:09-03:00,0.6137699999999999,-0.014038,0.497253,297.715393,-50.975723,-1.617102,214937.0625,255,875,1,299,707,0,1346,10.093689,-105.535126,-64.04632600000001,-0.08666,0.24976,0.11648
2017-05-27T16:53:09-03:00,0.710144,-0.090271,0.682434,296.400757,-45.891632,-7.5352229999999984,214937.0625,255,843,155,484,562,1,1139,18.063965,-54.618073,11.073151,-0.08974,0.27916,0.11788
2017-05-27T16:53:09-03:00,0.513672,0.063782,0.7712399999999999,292.446198,-33.574917,4.727615,214937.0625,255,733,220,329,638,0,964,-22.258453,15.948029,-25.017395,-0.0658,0.26656,0.11396
2017-05-27T16:53:09-03:00,0.32782,0.21325700000000006,0.857117,296.67688,-20.362535,13.971905,214937.0625,255,1147,1838,985,1831,1,1638,20.613556,1.315918,2.489777,-0.08624,0.2639,0.09296
2017-05-27T16:53:09-03:00,0.329468,-0.107422,0.913452,297.536041,-19.708321,-6.7071710000000015,214937.46875,255,1443,2433,872,2068,1,1783,0.239258,18.662109,0.5757140000000001,-0.09646,0.28084000000000003,0.10528
2017-05-27T16:53:09-03:00,0.29504400000000003,-0.08038300000000001,0.906311,300.436401,-17.966368,-5.068463,214937.46875,255,1797,2916,1346,2365,0,0,-10.093689,-4.269257,10.3479,-0.1008,0.2513,0.10416
2017-05-27T16:53:09-03:00,0.353577,-0.035095,0.90332,294.638794,-21.361652,-2.2249,214937.46875,255,2222,3186,882,2625,0,1,-5.555267,-8.747864,0.844879,-0.08064,0.28014,0.10304
2017-05-27T16:53:10-03:00,0.327332,-0.016968,0.914368,297.647858,-19.693567,-1.063107,214937.46875,255,2389,3232,854,2759,0,1,1.099091,-0.829926,-3.087921,-0.09296,0.26894,0.09884
2017-05-27T16:53:10-03:00,0.31048600000000004,-0.092529,0.912476,298.2501220000001,-18.702578,-5.790267,214937.875,255,2435,3229,822,2790,0,1668,7.394562,3.3645629999999995,-4.755249,-0.10024,0.28042,0.10122
2017-05-27T16:53:10-03:00,0.337097,-0.06957999999999999,0.902832,291.26037599999995,-20.418968,-4.406999,214937.875,255,2455,3226,837,2815,1,2630,0.56076,-1.001892,-3.671112,-0.060479999999999985,0.2688,0.10528
2017-05-27T16:53:10-03:00,0.366821,-0.108643,0.886292,296.1977540000001,-22.333271,-6.988515,214937.46875,255,2563,3252,1525,3114,1,0,3.080444,3.843079,-4.710388,-0.07798,0.24556,0.10318
2017-05-27T16:53:10-03:00,0.30658,-0.102783,0.91333,290.026917,-18.446981,-6.420866,214937.46875,255,2555,3250,1652,3137,0,1,8.209534,9.876862,-4.680481,-0.05698,0.2814,0.11214
2017-05-27T16:53:11-03:00,0.339844,-0.032837,0.945496,300.114044,-19.759197,-1.989074,214937.46875,255,1650,3224,4091,3022,1,1,3.416901,74.768066,0.7775880000000001,-0.1043,0.26432,0.11326
2017-05-27T16:53:11-03:00,1.367676,-0.716492,0.98761,308.082397,-48.263073,-35.960155,214937.46875,255,385,2249,2,1256,1,1,62.15469399999999,148.95294199999995,31.783905,-0.13538,0.23926,0.11844
2017-05-27T16:53:11-03:00,0.967041,0.246948,0.831299,310.393494,-48.115536,16.544743,214937.46875,255,372,1451,1,561,1,0,95.613403,54.618073,19.521942000000006,-0.17752,0.28616,0.0798
2017-05-27T16:53:11-03:00,0.399536,0.047913,0.478027,299.044617,-39.748096,5.72363,214937.46875,255,362,1401,534,583,1,25,1.413116,1.2486270000000002,43.380432,-0.10052,0.26936,0.09086
2017-05-27T16:53:11-03:00,0.495178,-0.064514,0.474487,304.339447,-45.960209000000006,-7.7428,214937.46875,255,553,1048,685,586,0,403,-16.703186,-65.34729,-8.007660000000001,-0.1316,0.27272,0.0966
2017-05-27T16:53:11-03:00,0.456543,-0.119202,0.466003,302.214111,-43.50526,-14.34835,214937.46875,255,740,763,393,507,0,407,-4.059906,-102.417297,-35.507355,-0.11634,0.26586,0.1127
2017-05-27T16:53:11-03:00,0.6111449999999999,-0.072144,0.6469729999999999,288.45108,-43.192127,-6.362735,214937.46875,255,837,297,326,608,0,428,14.176025,-105.512695,-26.699677,-0.0448,0.25746,0.12208
2017-05-27T16:53:11-03:00,0.726562,0.01825,0.623901,293.283966,-49.335106,1.67546,214937.46875,255,827,415,165,689,0,418,-11.185303,-52.061005,-31.821289,-0.06804,0.25928,0.11858
2017-05-27T16:53:12-03:00,0.478638,-0.100464,0.717346,290.544739,-33.456135,-7.972384,214938.484375,255,797,640,275,691,0,400,-4.194489,1.114044,-5.001983999999998,-0.05628,0.26558000000000004,0.12754
2017-05-27T16:53:12-03:00,-0.179871,0.12799100000000002,1.320618,292.708496,7.720333,5.535664,214938.484375,255,1080,1286,358,1329,1,1770,-102.282715,34.512939,4.396362,-0.06692000000000001,0.26586,0.12908
2017-05-27T16:53:12-03:00,0.265991,-0.215454,0.93988,288.714874,-15.421537,-12.911164,214938.484375,255,1008,2031,609,1427,0,1023,18.923798,7.476807000000001,-2.190704,-0.053479999999999986,0.29918,0.12306
2017-05-27T16:53:12-03:00,0.362122,-0.093811,0.8749389999999999,297.488892,-22.368313,-6.119878,214938.484375,255,1180,2253,278,1830,0,1039,9.555359,3.282318,-0.7775880000000001,-0.09366,0.27342,0.119
2017-05-27T16:53:12-03:00,0.336609,-0.122131,0.889282,286.403717,-20.55592,-7.81991,214939.109375,255,1985,2769,405,2456,0,2282,6.116028,-0.88974,0.695343,-0.0378,0.2751,0.13047999999999998
2017-05-27T16:53:12-03:00,0.371765,-0.193604,0.909485,288.714386,-21.791845,-12.01727,214939.109375,255,2468,3035,244,2898,0,3011,11.289978,-12.934875,-7.46933,-0.04592,0.2569,0.13047999999999998
2017-05-27T16:53:12-03:00,0.323669,-0.077454,0.921204,292.999969,-19.296148,-4.806051999999998,214939.109375,255,2574,3109,331,2947,0,3259,-5.7646180000000005,-1.689758,-2.519684,-0.0707,0.27496,0.13104000000000002
2017-05-27T16:53:12-03:00,0.293945,-0.06475800000000001,0.913452,292.7221370000001,-17.796132999999994,-4.055144,214939.109375,255,2561,3108,228,2923,0,3315,-2.736511,-0.13458299999999998,-3.087921,-0.06734,0.26726,0.12194
2017-05-27T16:53:13-03:00,0.256897,-0.044617,0.916016,291.568512,-15.648534,-2.788522,214938.28125,255,2556,3096,1,2899,1,3356,-3.626251,0.299072,-1.40564,-0.06636,0.2877,0.1197
2017-05-27T16:53:13-03:00,0.391663,-0.126953,0.8799440000000001,287.089386,-23.775326,-8.20965,214939.515625,255,2525,3232,2172,3036,1,1111,4.702911,8.291779,-4.994507,-0.04116,0.2751,0.11942
2017-05-27T16:53:13-03:00,0.392151,-0.078735,0.876099,295.596619,-24.027967,-5.1354,214939.515625,255,2440,3243,2089,3042,0,771,-2.639313,1.637421,-1.884155,-0.08217999999999999,0.26852,0.12558
2017-05-27T16:53:13-03:00,0.36322,-0.116516,0.888916,294.22113,-22.055069,-7.467565,214939.515625,255,2433,3253,1973,3039,1,1,-3.259888,-4.201965,1.749573,-0.07518,0.26852,0.12306
2017-05-27T16:53:13-03:00,0.361328,-0.06170700000000001,0.890869,285.88501,-22.029295,-3.962295,214939.515625,255,2390,3275,1759,3040,1,0,-3.192596,7.521667,0.396271,-0.03374,0.2632,0.126
2017-05-27T16:53:13-03:00,0.374878,-0.006653,0.8880620000000001,295.559509,-22.885519,-0.429218,214938.90625,255,2089,3281,1905,3025,1,1,-1.689758,29.503479,2.041168,-0.08246,0.27006,0.12334
2017-05-27T16:53:14-03:00,0.412659,-0.041443,0.912354,298.54718,-24.315138,-2.600824,214938.90625,255,1610,3277,2154,2925,0,1,7.506714,66.54357900000001,-2.377625,-0.1029,0.28322,0.12334
2017-05-27T16:53:14-03:00,0.419983,-0.213135,0.67804,299.142487,-30.578924,-17.450004999999994,214938.90625,255,830,3114,2242,2563,0,0,28.097839,157.783051,23.215485,-0.10262,0.27356,0.13915999999999998
2017-05-27T16:53:14-03:00,1.052368,-0.5855100000000001,-0.335754,311.580475,-57.325512,-119.831642,214938.90625,255,614,1922,0,963,0,0,-145.349121,217.447968,19.581757,-0.1722,0.26516,0.0959
2017-05-27T16:53:14-03:00,1.132324,0.234131,0.817505,313.869843,-53.093586,15.981548000000002,214938.703125,255,425,1402,473,730,1,1,-33.64563,131.846008,-33.742828,-0.2065,0.29176,-0.01218
2017-05-27T16:53:14-03:00,0.62085,0.102417,0.373352,318.527985,-58.053474,15.33989,214938.703125,255,365,1647,664,768,0,1,-163.368225,17.331238,50.460968,-0.24542,0.29302,-0.07994
2017-05-27T16:53:14-03:00,0.61908,-0.35614,0.292297,310.556122,-53.342632,-50.623009,214938.703125,255,275,1724,892,444,0,1,-92.809601,-145.69305400000005,102.028503,-0.20006,0.32046,-0.09856
2017-05-27T16:53:14-03:00,1.098999,-0.653992,0.405212,314.287262,-55.006142,-58.217697,214938.703125,255,270,1706,468,178,0,269,-122.74673500000002,-189.910889,-25.884705,-0.21504,0.29918,-0.07714
2017-05-27T16:53:15-03:00,1.110107,-0.474854,0.6497189999999999,321.350861,-54.06055799999999,-36.16156,214940.34375,255,366,1508,492,244,1,307,-60.12847900000001,-139.62188700000002,-88.570251,-0.24542,0.2653,-0.06244
2017-05-27T16:53:15-03:00,0.399963,-0.126648,0.844543,335.917969,-25.09597,-8.528538000000001,214940.34375,255,628,1087,518,591,0,302,-4.732819,-35.96344000000001,-69.855804,-0.26054,0.16702,0.0826
2017-05-27T16:53:15-03:00,0.454773,-0.020081,0.8657229999999999,340.332184,-27.70706,-1.328746,214939.109375,255,676,1048,526,720,0,355,-39.17099,-5.787048,-105.049133,-0.24416,0.13118,0.08932000000000001
2017-05-27T16:53:15-03:00,0.465027,-0.057617,0.7453609999999999,341.632599,-31.883217,-4.420232,214939.109375,255,737,797,444,803,1,388,-15.005951,8.366547,-45.601044,-0.22582,0.1148,0.09212
2017-05-27T16:53:15-03:00,0.05950900000000001,0.006653,0.999939,339.531769,-3.405746,0.381197,214939.109375,255,1008,1,385,292,1,3058,-1.338348,37.526093,4.403839,-0.2135,0.11858,0.08077999999999999
2017-05-27T16:53:15-03:00,0.16748,-0.192139,0.908508,343.07287599999995,-10.223804,-11.941414,214939.109375,255,1546,107,848,1031,0,3445,2.310333,14.639587,-4.5907589999999985,-0.24178,0.11536,0.07266
2017-05-27T16:53:15-03:00,0.266541,-0.037231,0.907104,344.09552,-16.361683,-2.350344,214939.3125,255,2184,1840,1121,2547,0,3577,60.263062,23.910828,-14.58725,-0.23856,0.10864,0.05838
2017-05-27T16:53:16-03:00,0.286682,-0.052246,0.932922,345.905121,-17.056744000000002,-3.205365,214939.3125,255,2325,3162,780,2451,0,3543,0.433655,-1.973877,0.770111,-0.26908000000000004,0.11242,0.054179999999999985
2017-05-27T16:53:16-03:00,0.282043,-0.026184,0.912476,338.2817990000001,-17.169569,-1.643689,214939.515625,255,2259,3158,815,2275,1,3592,6.265564,0.306549,-5.906676999999998,-0.22666,0.13244,0.03696
2017-05-27T16:53:16-03:00,0.273926,-0.031006,0.922852,340.662292,-16.523411,-1.924293,214939.515625,255,2273,3145,948,2312,0,3572,6.639403999999999,2.841187,-4.583282,-0.23436,0.12418,0.04186
2017-05-27T16:53:16-03:00,0.257263,-0.02002,0.930237,343.526642,-15.455729000000002,-1.232866,214939.515625,255,2458,3172,1148,2613,0,3548,5.1814269999999985,2.302856,-3.887939,-0.2408,0.11256,0.04578
2017-05-27T16:53:16-03:00,0.250671,-0.054016,0.930603,350.015839,-15.051449,-3.321961,214939.515625,255,2489,3211,3923,2879,1,2911,5.166473000000001,20.456543,-2.041168,-0.26054,0.0875,0.0357
2017-05-27T16:53:17-03:00,0.4169310000000001,-0.131226,0.975891,347.132263,-22.948788,-7.658478999999999,214938.90625,255,1353,3197,4070,2739,1,323,19.693909,107.815552,-6.445007,-0.25872,0.10164,0.014980000000000004
2017-05-27T16:53:17-03:00,0.7148439999999999,0.060425,0.634949,349.768982,-48.259148,5.436173,214938.90625,255,293,1387,416,403,0,666,-128.444061,28.367004,-35.529785,-0.27454,0.09352,-0.077
2017-05-27T16:53:17-03:00,0.5531010000000001,-0.046692,0.495972,355.0259700000001,-47.991383,-5.378103,214939.71875,255,396,1124,531,491,1,746,-15.693817,-74.065247,-25.092163,-0.25494,0.06146,-0.05586
2017-05-27T16:53:17-03:00,0.405396,-0.063782,0.39978,354.513824,-45.039547,-9.064688,214939.71875,255,651,559,348,654,0,981,13.966675,-107.740784,-38.969116,-0.252,0.06314,-0.00658
2017-05-27T16:53:17-03:00,0.522278,-0.16394,0.5922850000000001,358.042206,-40.35944,-15.471721,214939.71875,255,868,284,489,779,0,1190,36.090546,-108.705292,-53.466644,-0.2604,0.04844,0.03458
2017-05-27T16:53:17-03:00,0.7734989999999999,0.025574,0.627319,10.5506,-50.934135,2.334466,214939.71875,255,854,277,338,846,1,1008,5.345917,-73.362427,-34.071808000000004,-0.19124,-0.00658,0.06916
2017-05-27T16:53:17-03:00,1.999756,0.588928,1.138977,7.746328,-57.332348,27.342024,214940.953125,255,609,1003,435,488,0,767,-111.344604,54.81246899999999,77.0784,-0.17318,0.00252,0.07658
2017-05-27T16:53:17-03:00,0.313904,0.6503909999999999,1.023865,358.741913,-14.509176,32.424976,214940.953125,255,1027,2255,1019,1805,0,1404,-89.340363,53.40683000000001,-17.906952,-0.18326,0.03178,0.09086
2017-05-27T16:53:18-03:00,0.353699,-0.021118,0.901611,0.409184,-21.414549,-1.341776,214940.953125,255,1328,2436,733,2071,1,2093,-86.24496500000002,11.043243,14.482574,-0.19306,0.02772,0.08008
2017-05-27T16:53:18-03:00,0.332703,-0.030823000000000007,0.912354,1.466195,-20.024584,-1.934932,214940.125,255,2577,3205,4082,3033,1,2993,11.23764,6.385193,-8.209534,-0.17612,0.02198,0.07783999999999999
2017-05-27T16:53:18-03:00,0.35638400000000003,-0.116882,0.8892209999999999,9.968972,-21.671114000000006,-7.488227,214940.125,255,2567,3213,4080,3065,1,2475,-1.749573,-3.237457,-3.454285,-0.19054,-0.00462,0.0651
2017-05-27T16:53:18-03:00,0.286011,-0.07525599999999999,0.912415,6.202168,-17.349062,-4.715107,214940.125,255,2565,3202,3865,2972,1,3106,-6.482391000000002,-7.932892,0.37384,-0.20566,0.00854,0.07742
2017-05-27T16:53:18-03:00,0.288025,-0.10614,0.908508,7.946654,-17.478635999999998,-6.663602,214939.921875,255,2599,3199,3799,2967,1,3348,5.278625,2.66922,-1.831818,-0.16464,0.00182,0.07854
2017-05-27T16:53:18-03:00,0.326416,-0.082642,0.908508,358.614807,-19.687748000000006,-5.197552,214939.921875,255,2619,3208,3912,2990,1,3270,0.269165,2.639313,-2.123413,-0.1498,0.02632,0.08428
2017-05-27T16:53:18-03:00,0.2995,-0.112976,0.912842,354.821503,-18.035843,-7.055223,214939.921875,255,2652,3210,3014,3052,0,3028,12.605896,5.2262879999999985,-4.553375,-0.20412,0.04998,0.07854
2017-05-27T16:53:18-03:00,0.298401,-0.07623300000000001,0.931274,1.120399,-17.711084,-4.679724,214939.921875,255,2663,3238,3332,3127,0,1664,16.994781,24.651031,-7.813263,-0.1946,0.025480000000000003,0.07336000000000001
2017-05-27T16:53:19-03:00,0.349792,-0.03241,0.986267,11.142179,-19.517977,-1.882116,214939.921875,255,1577,3090,4094,3034,1,0,36.000824,84.697266,-10.968475,-0.22526,-0.01008,0.05292
2017-05-27T16:53:19-03:00,1.497559,-0.696167,0.22998,10.291377,-63.91467700000001,-71.71889499999997,214939.921875,255,273,1225,394,632,0,0,-139.390106,161.85791,63.223877,-0.2296,-0.00686,0.00266
2017-05-27T16:53:19-03:00,0.72937,-0.003052,0.976929,3.667605,-36.744705,-0.178982,214939.921875,255,272,1425,707,776,1,353,113.946533,85.25054899999998,65.152893,-0.20524,0.01764,-0.032060000000000005
2017-05-27T16:53:19-03:00,0.5272220000000001,0.033997,0.424622,356.547607,-51.062759,4.577522,214939.921875,255,359,1477,1024,874,1,384,-31.731567,13.263855,7.372130999999999,-0.28112,0.059920000000000015,-0.0707
2017-05-27T16:53:19-03:00,0.852234,0.166626,0.388306,357.122162,-63.627304,23.224672,214940.953125,255,429,1327,1072,811,0,407,-7.880553999999999,-59.14901700000001,6.20575,-0.22932,0.04648,-0.05334
2017-05-27T16:53:19-03:00,0.645325,-0.075073,0.468079,2.446271,-53.698696,-9.111837,214940.953125,255,627,513,798,761,1,426,17.129364000000002,-123.135529,-22.976227,-0.21756,0.02338,-0.02366
2017-05-27T16:53:19-03:00,0.286438,-0.031189,0.5176390000000001,5.0514839999999985,-28.914192,-3.448036,214940.953125,255,747,475,803,632,0,499,36.89056400000001,-113.296051,-0.986938,-0.2611,0.0161,0.02282
2017-05-27T16:53:19-03:00,0.7592770000000001,0.010071,0.6860350000000001,11.387768,-47.897953,0.841025,214940.953125,255,773,173,785,597,0,733,9.256287,-93.721771,-94.820862,-0.16842,-0.00826,0.06202000000000001
2017-05-27T16:53:20-03:00,0.739929,0.05950900000000001,0.642456,18.337696,-48.912102,5.29208,214941.359375,255,739,502,877,672,0,473,-5.428162,-24.980011,-11.843262,-0.1848,-0.03178,0.07658
2017-05-27T16:53:20-03:00,0.229492,-0.003906,0.560791,14.352685,-22.255335,-0.399093,214941.359375,255,1108,1941,537,1810,1,1337,-59.814453,-115.03067,7.394562,-0.21742,-0.02198,0.0735
2017-05-27T16:53:20-03:00,0.4360350000000001,0.044006,0.82135,12.167243,-27.92877,3.066865,214941.359375,255,1122,2119,1,1818,0,880,-1.338348,14.430237,-3.282318,-0.18312,-0.01148,0.07196
2017-05-27T16:53:20-03:00,0.264954,-0.082458,0.904297,9.659611,-16.266376,-5.2101190000000015,214941.359375,255,1585,2677,1080,2138,0,1840,-16.643372,6.721649,8.276825,-0.2303,-0.00434,0.06776
2017-05-27T16:53:20-03:00,0.28112800000000004,-0.037354000000000005,0.912354,15.179601000000002,-17.112392,-2.344491,214941.984375,255,2206,3061,671,2557,0,2897,2.945862,-10.774078,-4.022522,-0.20692,-0.02394,0.06916
2017-05-27T16:53:20-03:00,0.35321,-0.056946,0.916138,13.08683,-21.046741,-3.5568470000000003,214941.984375,255,2425,3179,383,2764,0,3141,-1.40564,0.441132,-0.5458069999999999,-0.17584,-0.01386,0.07462
2017-05-27T16:53:20-03:00,0.308289,-0.021484,0.912537,12.637574,-18.662054,-1.348698,214941.984375,255,2399,3202,1,2730,1,3058,5.00946,1.091614,-3.865509,-0.20328,-0.01442,0.07783999999999999
2017-05-27T16:53:20-03:00,0.284729,-0.093506,0.921082,7.855691999999999,-17.094965,-5.796663,214941.984375,255,2427,3193,0,2755,0,3105,1.667328,-3.753357,-3.274841,-0.22148,0.0028,0.07812000000000001
2017-05-27T16:53:21-03:00,0.29180900000000004,-0.043762,0.914734,4.922398,-17.674238,-2.739025,214941.359375,255,2508,3186,1,2792,0,3241,0.949554,-2.429962,-3.955231,-0.2212,0.01414,0.0721
2017-05-27T16:53:21-03:00,0.261169,-0.096252,0.912109,2.079581,-15.894544,-6.023974,214941.359375,255,2552,3179,1,2844,0,3277,1.315918,-0.456085,-2.489777,-0.18676,0.02128,0.07644
2017-05-27T16:53:21-03:00,0.281982,-0.075195,0.909973,9.268812,-17.162117000000002,-4.723884,214941.359375,255,2581,3207,304,2895,0,3061,-1.824341,6.101074,-0.7102970000000001,-0.19796,-0.00238,0.07476000000000001
2017-05-27T16:53:21-03:00,0.315552,-0.07989500000000001,0.907959,7.435191,-19.095953,-5.028738,214941.359375,255,2603,3235,1023,2962,1,2263,4.358978,8.321686,-1.689758,-0.16814,0.00336,0.07266
2017-05-27T16:53:21-03:00,0.332458,-0.075684,0.911865,6.350057,-19.968227,-4.744598000000001,214940.953125,255,2597,3256,1332,3025,1,1400,7.125397,10.609589,-5.099182,-0.16898,0.00658,0.06832
2017-05-27T16:53:21-03:00,0.311157,-0.054810000000000005,0.904236,16.365431,-18.956587,-3.468696,214940.953125,255,2486,3259,1405,3069,1,356,4.082336,22.011719,-6.4151,-0.21196,-0.02898,0.06846000000000001
2017-05-27T16:53:21-03:00,0.485291,-0.132812,0.941528,8.975634,-27.038664,-8.029198,214940.953125,255,1702,3244,1925,3039,1,1,3.274841,70.962372,3.117828,-0.22302,-0.00154,0.03878
2017-05-27T16:53:21-03:00,0.624939,-0.268005,0.810242,16.84057,-36.214558,-18.302776,214940.953125,255,662,2806,1111,2314,1,1,37.944794,124.877625,12.381592,-0.22372,-0.03248,0.01596
2017-05-27T16:53:21-03:00,1.430176,0.398987,0.422119,6.461517,-67.896362,43.38628,214941.765625,255,446,1760,519,831,0,1,-119.113007,74.954987,66.790314,-0.22708000000000006,0.0084,-0.01862
2017-05-27T16:53:22-03:00,0.952576,0.315186,0.866394,3.382886,-45.936195,19.990885,214941.765625,255,338,1629,479,759,1,263,-32.120360999999995,69.272614,65.56411700000001,-0.26936,0.0245,-0.0364
2017-05-27T16:53:22-03:00,0.391846,-0.043945,0.5431520000000001,356.583099,-35.719143,-4.625609,214941.765625,255,444,1318,638,726,0,393,-1.547699,-40.240173,23.312683,-0.2576,0.05474,-0.04326
2017-05-27T16:53:22-03:00,0.476929,-0.031921,0.360657,357.257599,-52.795578000000006,-5.058014,214941.765625,255,699,920,779,528,1,433,33.406372,-102.55188,-12.605896,-0.24752,0.04956,-0.01652
2017-05-27T16:53:22-03:00,0.586975,0.00177,0.624939,4.837011,-43.205654,0.162279,214942.796875,255,813,467,456,607,0,490,36.397095,-98.925629,-10.385284,-0.2247,0.0147,0.02072
2017-05-27T16:53:22-03:00,0.555908,0.017212,0.723083,12.507357,-37.545322,1.363582,214942.796875,255,843,24,354,760,0,473,14.146118,-87.650604,-71.754913,-0.21616,-0.01484,0.042
2017-05-27T16:53:22-03:00,0.59137,-0.014099,0.685547,16.361292000000002,-40.775875,-1.178193,214942.796875,255,872,45,385,692,1,617,-12.897491,-41.212158,-35.918579,-0.19978,-0.0273,0.05726000000000001
2017-05-27T16:53:22-03:00,0.494995,-0.02356,0.528748,23.700247,-43.083317,-2.551259,214942.796875,255,748,563,446,608,1,458,-13.645172,33.406372,-23.634186,-0.16114,-0.04354,0.07056
2017-05-27T16:53:22-03:00,0.425903,-0.150085,0.8656010000000001,12.339608,-25.864046,-9.83665,214942.59375,255,934,2113,1,1565,1,1162,82.401886,-2.018738,-15.200348000000002,-0.16618,-0.01092,0.06986
2017-05-27T16:53:22-03:00,0.322205,0.003845,0.912231,16.254478,-19.45331,0.24151,214942.59375,255,1147,2364,0,1743,0,1435,0.448608,5.9440610000000005,1.59256,-0.17765999999999998,-0.02394,0.06174
2017-05-27T16:53:23-03:00,0.361145,-0.032837,0.8869020000000001,20.750786,-22.14237,-2.120367,214942.59375,255,1459,2871,1,1961,1,1396,-14.863892000000002,14.183502,15.297546,-0.2233,-0.04816,0.0581
2017-05-27T16:53:23-03:00,0.317322,-0.032043,0.901978,19.04483,-19.370907,-2.034622,214943.203125,255,2290,3209,287,2491,0,3138,6.220703,-2.13089,-9.181519,-0.19404,-0.03584,0.06538
2017-05-27T16:53:23-03:00,0.301025,-0.053894,0.908508,13.562637,-18.302088,-3.3948910000000003,214943.203125,255,2352,3167,181,2521,1,3249,1.3607790000000002,-2.527161,-3.342133,-0.18788,-0.016380000000000002,0.06384
2017-05-27T16:53:23-03:00,0.299011,-0.061096,0.915771,22.03484,-18.045023,-3.816863,214943.203125,255,2490,3178,405,2632,0,3372,1.413116,-0.6130979999999999,-3.102875,-0.1855,-0.04438,0.06258
2017-05-27T16:53:23-03:00,0.31366,-0.073914,0.912354,16.77499,-18.915005,-4.631655,214941.765625,255,2527,3187,199,2710,1,3372,-0.471039,1.846771,-2.549591,-0.17304,-0.02492,0.06663999999999999
2017-05-27T16:53:23-03:00,0.304138,-0.069824,0.91394,22.546164,-18.356354,-4.368859,214941.765625,255,2548,3192,158,2761,1,3346,2.003784,-0.396271,-2.616882,-0.18858,-0.0469,0.06398
2017-05-27T16:53:24-03:00,0.298462,-0.053162,0.911743,26.788012,-18.09729,-3.3370050000000004,214941.765625,255,2566,3196,202,2779,0,3295,-0.194397,1.5776059999999998,-2.15332,-0.20174,-0.06636,0.060620000000000014
2017-05-27T16:53:24-03:00,0.305542,-0.08142100000000001,0.914673,14.776904,-18.403803,-5.086857,214941.765625,255,2602,3208,436,2869,0,3155,1.435547,4.089813,-4.082336,-0.18438,-0.02002,0.0616
2017-05-27T16:53:25-03:00,0.371582,-0.113586,0.475159,17.267205999999998,-37.256142,-13.444226,214942.796875,255,643,985,771,458,0,645,25.017395,-120.271912,4.172058,-0.25564000000000003,-0.03906,-0.00784
2017-05-27T16:53:25-03:00,0.617065,-0.13269,0.578308,12.510962,-46.123142,-12.922608,214942.796875,255,708,472,343,496,0,658,47.73941,-128.00293,-13.645172,-0.23226,-0.01596,0.032760000000000004
2017-05-27T16:53:25-03:00,0.7753909999999999,-0.055481,0.710815,19.987209,-47.401237,-4.463033,214944.234375,255,732,211,414,543,0,615,21.316376,-78.31955,-39.485016,-0.20608,-0.04158,0.05306
2017-05-27T16:53:25-03:00,0.639709,0.083008,0.6293949999999999,37.256741,-45.21868900000001,7.5131039999999985,214944.234375,255,682,374,323,561,0,598,-14.647064000000002,-5.4879760000000015,-23.245392,-0.161,-0.08806,0.06412000000000001
2017-05-27T16:53:25-03:00,-0.6132810000000001,0.952881,1.077759,18.860779,23.088875,41.480919,214944.234375,255,1279,2070,591,1830,1,1991,-57.406921,2.018738,5.951537999999998,-0.17598,-0.03192,0.0791
2017-05-27T16:53:25-03:00,0.265137,-0.176147,0.935486,33.242455,-15.563947,-10.663661,214944.234375,255,1494,2380,588,1969,0,1250,-31.544647,11.155396,6.220703,-0.1491,-0.06846000000000001,0.06327999999999999
2017-05-27T16:53:25-03:00,0.362915,-0.019714,0.942871,30.325214000000006,-21.047726,-1.197815,214944.234375,255,1913,3019,1179,2276,0,2043,-31.559601,-19.118195,8.643188,-0.17234000000000002,-0.06874,0.06342
2017-05-27T16:53:25-03:00,0.315735,0.066101,0.930176,21.437618,-18.705168,4.064776,214944.234375,255,2239,3198,670,2394,1,3002,-14.23584,-6.968384,-1.233673,-0.17542,-0.04004,0.07098
2017-05-27T16:53:25-03:00,0.303406,-0.019348,0.920166,31.579031,-18.24514,-1.204569,214944.234375,255,2320,3224,185,2439,1,3170,4.463654,-0.224304,-5.630035,-0.17976,-0.0763,0.0651
2017-05-27T16:53:26-03:00,0.318909,-0.06164600000000001,0.901062,30.939190000000004,-19.448126,-3.913751,214944.234375,255,2317,3185,1,2436,0,3149,1.188812,-3.633728,-5.787048,-0.19264,-0.07923999999999999,0.06384
2017-05-27T16:53:26-03:00,0.313232,-0.075378,0.908752,28.180305,-18.957819,-4.741666,214945.46875,255,2439,3167,1,2543,1,3353,-0.672913,-2.968292,-2.9234310000000003,-0.18046,-0.06426,0.0665
2017-05-27T16:53:26-03:00,0.307678,-0.074585,0.909119,17.731396,-18.639378,-4.690097,214945.46875,255,2533,3211,154,2699,1,3319,2.198181,3.730927,-2.265472,-0.18424,-0.02968,0.07252
2017-05-27T16:53:26-03:00,0.319214,-0.087158,0.908447,32.015903,-19.278709,-5.480295,214945.46875,255,2547,3237,838,2847,1,2618,2.6094060000000003,7.454376,-1.3308719999999998,-0.18732,-0.0812,0.06692000000000001
2017-05-27T16:53:26-03:00,0.357727,-0.07788099999999999,0.8989870000000001,30.296198,-21.625237,-4.951275,214945.46875,255,2565,3249,1272,2949,1,2115,3.431854,3.252411,-4.5010379999999985,-0.1624,-0.06468,0.06384
2017-05-27T16:53:26-03:00,0.33252,-0.082397,0.9021,27.277882,-20.157084,-5.218895,214944.234375,255,2593,3266,1121,2998,0,2014,1.794434,0.456085,-4.28421,-0.20104,-0.06804,0.06608
2017-05-27T16:53:26-03:00,0.32757600000000003,-0.086975,0.903992,28.000002,-19.834383,-5.495642,214944.234375,255,2615,3268,995,3011,1,1948,2.7888490000000004,2.6766970000000003,-4.164581,-0.16758,-0.05908,0.0672
2017-05-27T16:53:26-03:00,0.333069,-0.104675,0.897949,21.967186,-20.225153,-6.649046,214944.234375,255,2625,3269,1121,3080,1,1089,3.200073,7.895508,-6.198273,-0.20412,-0.04858,0.05292
